slug	name	pref
akiruno	あきる野市	東京都
akishima	昭島市	東京都
akita	秋田市	秋田県
amagasaki	尼崎市	兵庫県
arakawa	荒川区	東京都
asahikawa	旭川市	北海道
asaka	朝霞市	埼玉県
ashikaga	足利市	栃木県
ashiya	芦屋市	兵庫県
atsugi	厚木市	神奈川県
beppu	別府市	大分県
bunkyo	文京区	東京都
chigasaki	茅ヶ崎市	神奈川県
chita	知多市	愛知県
chiyoda	千代田区	東京都
chofu	調布市	東京都
chuo	中央区	東京都
daito	大東市	大阪府
dazaifu	太宰府市	福岡県
edogawa	江戸川区	東京都
eniwa	恵庭市	北海道
fuchu	府中市	東京都
fuji	富士市	静岡県
fujieda	藤枝市	静岡県
fujimi	富士見市	埼玉県
fujinomiya	富士宮市	静岡県
fujisawa	藤沢市	神奈川県
fukuyama	福山市	広島県
funabashi	船橋市	千葉県
fussa	福生市	東京都
ginowan	宜野湾市	沖縄県
gyoda	行田市	埼玉県
habikino	羽曳野市	大阪府
hachinohe	八戸市	青森県
hakodate	函館市	北海道
hakusan	白山市	石川県
hamura	羽村市	東京都
higashikurume	東久留米市	東京都
higashimatsuyama	東松山市	埼玉県
higashimurayama	東村山市	東京都
himeji	姫路市	兵庫県
hino	日野市	東京都
hiratsuka	平塚市	神奈川県
hirosaki	弘前市	青森県
hiroshima	広島市	広島県
hita	日田市	大分県
hitachi	日立市	茨城県
hitachinaka	ひたちなか市	茨城県
ichikawa	市川市	千葉県
ichinoseki	一関市	岩手県
iga	伊賀市	三重県
iida	飯田市	長野県
iizuka	飯塚市	福岡県
ikeda	池田市	大阪府
ikoma	生駒市	奈良県
imabari	今治市	愛媛県
iruma	入間市	埼玉県
isahaya	諫早市	長崎県
ise	伊勢市	三重県
isesaki	伊勢崎市	群馬県
ishigaki	石垣市	沖縄県
ishinomaki	石巻市	宮城県
itabashi	板橋区	東京都
itoman	糸満市	沖縄県
itoshima	糸島市	福岡県
iwakuni	岩国市	山口県
iwata	磐田市	静岡県
izumi	和泉市	大阪府
izumiotsu	泉大津市	大阪府
izumisano	泉佐野市	大阪府
izumo	出雲市	島根県
kakamigahara	各務原市	岐阜県
kakegawa	掛川市	静岡県
kamagaya	鎌ケ谷市	千葉県
kamakura	鎌倉市	神奈川県
kani	可児市	岐阜県
kanoya	鹿屋市	鹿児島県
kashiba	香芝市	奈良県
kashihara	橿原市	奈良県
kashiwa	柏市	千葉県
kashiwara	柏原市	大阪府
kasuga	春日市	福岡県
kasugai	春日井市	愛知県
katano	交野市	大阪府
katsushika	葛飾区	東京都
kawachinagano	河内長野市	大阪府
kawaguchi	川口市	埼玉県
kazo	加須市	埼玉県
kirishima	霧島市	鹿児島県
kiryu	桐生市	群馬県
kisarazu	木更津市	千葉県
kishiwada	岸和田市	大阪府
kita	北区	東京都
kitahiroshima	北広島市	北海道
kitakami	北上市	岩手県
kitami	北見市	北海道
kitanagoya	北名古屋市	愛知県
kodaira	小平市	東京都
koganei	小金井市	東京都
kokubunji	国分寺市	東京都
konan	江南市	愛知県
konosu	鴻巣市	埼玉県
koto	江東区	東京都
kuki	久喜市	埼玉県
kumamoto	熊本市	熊本県
kushiro	釧路市	北海道
kuwana	桑名市	三重県
maebashi	前橋市	群馬県
matsubara	松原市	大阪府
matsue	松江市	島根県
matsusaka	松阪市	三重県
matsuyama	松山市	愛媛県
meguro	目黒区	東京都
mihara	三原市	広島県
miki	三木市	兵庫県
minato	港区	東京都
mishima	三島市	静岡県
mitaka	三鷹市	東京都
miyakonojo	都城市	宮崎県
moka	真岡市	栃木県
moriya	守谷市	茨城県
munakata	宗像市	福岡県
musashino	武蔵野市	東京都
nagahama	長浜市	滋賀県
nagano	長野市	長野県
nagaoka	長岡市	新潟県
nagareyama	流山市	千葉県
nagoya	名古屋市	愛知県
nakano	中野区	東京都
nakatsu	中津市	大分県
nara	奈良市	奈良県
narashino	習志野市	千葉県
narita	成田市	千葉県
natori	名取市	宮城県
nerima	練馬区	東京都
niihama	新居浜市	愛媛県
niiza	新座市	埼玉県
nobeoka	延岡市	宮崎県
noda	野田市	千葉県
numazu	沼津市	静岡県
odawara	小田原市	神奈川県
okayama	岡山市	岡山県
okinawa	沖縄市	沖縄県
ome	青梅市	東京都
omura	大村市	長崎県
omuta	大牟田市	福岡県
onojo	大野城市	福岡県
onomichi	尾道市	広島県
osaka	大阪市	大阪府
osakasayama	大阪狭山市	大阪府
osaki	大崎市	宮城県
oshu	奥州市	岩手県
ota-gunma	太田市	群馬県
otaru	小樽市	北海道
otsu	大津市	滋賀県
owariasahi	尾張旭市	愛知県
oyama	小山市	栃木県
ryugasaki	龍ケ崎市	茨城県
saitama	さいたま市	埼玉県
sakado	坂戸市	埼玉県
sakai	堺市	大阪府
sakata	酒田市	山形県
sakura	佐倉市	千葉県
sanda	三田市	兵庫県
sano	佐野市	栃木県
sanyoonoda	山陽小野田市	山口県
sapporo	札幌市	北海道
satsumasendai	薩摩川内市	鹿児島県
seki	関市	岐阜県
sennan	泉南市	大阪府
shibuya	渋谷区	東京都
shijonawate	四条畷市	大阪府
shiki	志木市	埼玉県
shinagawa	品川区	東京都
shinjuku	新宿区	東京都
shizuoka	静岡市	静岡県
soka	草加市	埼玉県
suginami	杉並区	東京都
sumida	墨田区	東京都
tagajo	多賀城市	宮城県
taito	台東区	東京都
tajimi	多治見市	岐阜県
takaoka	高岡市	富山県
tama	多摩市	東京都
tenri	天理市	奈良県
tochigi-city	栃木市	栃木県
toda	戸田市	埼玉県
tokai	東海市	愛知県
tomakomai	苫小牧市	北海道
tomigusuku	豊見城市	沖縄県
tomiya	富谷市	宮城県
tondabayashi	富田林市	大阪府
toride	取手市	茨城県
toshima	豊島区	東京都
tottori	鳥取市	鳥取県
toyoake	豊明市	愛知県
tsuchiura	土浦市	茨城県
tsukuba	つくば市	茨城県
tsuruoka	鶴岡市	山形県
tsuyama	津山市	岡山県
ueda	上田市	長野県
uji	宇治市	京都府
urayasu	浦安市	千葉県
uruma	うるま市	沖縄県
ushiku	牛久市	茨城県
utsunomiya	宇都宮市	栃木県
wako	和光市	埼玉県
warabi	蕨市	埼玉県
yachiyo	八千代市	千葉県
yaizu	焼津市	静岡県
yamaguchi	山口市	山口県
yamato	大和市	神奈川県
yamatokooriyama	大和郡山市	奈良県
yashio	八潮市	埼玉県
yatsushiro	八代市	熊本県
yokohama	横浜市	神奈川県
yokosuka	横須賀市	神奈川県
yonago	米子市	鳥取県
yoshikawa	吉川市	埼玉県
zama	座間市	神奈川県
