slug	都道府県	自治体名	国調査R6.10.1の状態	押印必須(R5/R6)	既存記事slug	既存記事の様式URL
chitose	北海道	千歳市	３　活用するか検討中			
hachinohe	青森県	八戸市	２　令和８年度入所分から活用予定	必須		
rokunohe	青森県	六戸町	３　活用するか検討中	必須		
yokote	秋田県	横手市	１　令和７年度（５月以降）入所分から活用予定			
tendo	山形県	天童市	２　令和８年度入所分から活用予定			
ryugasaki	茨城県	龍ケ崎市	１　令和７年度（５月以降）入所分から活用予定			
tochigi-city	栃木県	栃木市	１　令和７年度（５月以降）入所分から活用予定			
takasaki	群馬県	高崎市	１　令和７年度（５月以降）入所分から活用予定			
isesaki	群馬県	伊勢崎市	１　令和７年度（５月以降）入所分から活用予定			
shibukawa	群馬県	渋川市	１　令和７年度（５月以降）入所分から活用予定			
tokorozawa	埼玉県	所沢市	１　令和７年度（５月以降）入所分から活用予定			
misato	埼玉県	三郷市	１　令和７年度（５月以降）入所分から活用予定			
hasuda	埼玉県	蓮田市	１　令和７年度（５月以降）入所分から活用予定			
ogano	埼玉県	小鹿野町	３　活用するか検討中	必須		
sosa	千葉県	匝瑳市	４　活用する予定はない			
chuo	東京都	中央区	４　活用する予定はない			
koto	東京都	江東区	３　活用するか検討中			
ota	東京都	大田区	１　令和７年度（５月以降）入所分から活用予定			
setagaya	東京都	世田谷区	３　活用するか検討中		shurou-shoumeisho	https://www.city.setagaya.lg.jp/01044/1561.html
edogawa	東京都	江戸川区	２　令和８年度入所分から活用予定			
musashino	東京都	武蔵野市	２　令和８年度入所分から活用予定			
inagi	東京都	稲城市	３　活用するか検討中			
hamura	東京都	羽村市	３　活用するか検討中			
nishitokyo	東京都	西東京市	３　活用するか検討中			
kawasaki	神奈川県	川崎市	３　活用するか検討中		shurou-shoumeisho	https://www.city.kawasaki.jp/450/page/0000153863.html
yamato	神奈川県	大和市	２　令和８年度入所分から活用予定			
niigata	新潟県	新潟市	１　令和７年度（５月以降）入所分から活用予定		shurou-shoumeisho	https://www.city.niigata.lg.jp/kosodate/ninshin/life_stage/azuketai/ninnkahoikushisetsu/R0804nyuen.html
kashiwazaki	新潟県	柏崎市	３　活用するか検討中			
takaoka	富山県	高岡市	１　令和７年度（５月以降）入所分から活用予定			
kanazawa	石川県	金沢市	２　令和８年度入所分から活用予定			
minami-alps	山梨県	南アルプス市	１　令和７年度（５月以降）入所分から活用予定	必須		
shinano	長野県	信濃町	１　令和７年度（５月以降）入所分から活用予定			
shizuoka	静岡県	静岡市	２　令和８年度入所分から活用予定		shurou-shoumeisho	https://www.city.shizuoka.lg.jp/s5783/s012259.html
numazu	静岡県	沼津市	１　令和７年度（５月以降）入所分から活用予定			
fujinomiya	静岡県	富士宮市	１　令和７年度（５月以降）入所分から活用予定			
toyohashi	愛知県	豊橋市	２　令和８年度入所分から活用予定		employment-certificate	https://www.city.toyohashi.lg.jp/65202.htm
toyota	愛知県	豊田市	２　令和８年度入所分から活用予定			
obu	愛知県	大府市	２　令和８年度入所分から活用予定			
nisshin	愛知県	日進市	１　令和７年度（５月以降）入所分から活用予定			
tsu	三重県	津市	２　令和８年度入所分から活用予定			
kuwana	三重県	桑名市	２　令和８年度入所分から活用予定			
suzuka	三重県	鈴鹿市	１　令和７年度（５月以降）入所分から活用予定			
inabe	三重県	いなべ市	１　令和７年度（５月以降）入所分から活用予定			
otsu	滋賀県	大津市	１　令和７年度（５月以降）入所分から活用予定			
muko	京都府	向日市	３　活用するか検討中			
nagaokakyo	京都府	長岡京市	３　活用するか検討中			
kyotanabe	京都府	京田辺市	３　活用するか検討中			
osaka	大阪府	大阪市	３　活用するか検討中		shurou-shoumeisho	https://www.city.osaka.lg.jp/kodomo/page/0000682977.html
sakai	大阪府	堺市	３　活用するか検討中		shurou-shoumeisho	https://www.city.sakai.lg.jp/kosodate/hughug/hoiku/moushikomi/r8/r7hoikumousikomi.html
suita	大阪府	吹田市	３　活用するか検討中			
yao	大阪府	八尾市	２　令和８年度入所分から活用予定			
kawachinagano	大阪府	河内長野市	３　活用するか検討中			
daito	大阪府	大東市	３　活用するか検討中	必須		
kadoma	大阪府	門真市	１　令和７年度（５月以降）入所分から活用予定	必須		
higashiosaka	大阪府	東大阪市	２　令和８年度入所分から活用予定	必須		
himeji	兵庫県	姫路市	２　令和８年度入所分から活用予定			
nishinomiya	兵庫県	西宮市	３　活用するか検討中			
kakogawa	兵庫県	加古川市	３　活用するか検討中			
koryo	奈良県	広陵町	３　活用するか検討中			
kagamino	岡山県	鏡野町	２　令和８年度入所分から活用予定			
hiroshima	広島県	広島市	３　活用するか検討中		shurou-shoumeisho	https://www.city.hiroshima.lg.jp/living/kosodate/1021251/1025852/1003487.html
higashihiroshima	広島県	東広島市	４　活用する予定はない			
hatsukaichi	広島県	廿日市市	２　令和８年度入所分から活用予定			
fuchu-hiroshima	広島県	府中町	３　活用するか検討中			
marugame	香川県	丸亀市	３　活用するか検討中			
nankoku	高知県	南国市	３　活用するか検討中			
fukuoka	福岡県	福岡市	２　令和８年度入所分から活用予定		shurou-shoumeisho	https://www.city.fukuoka.lg.jp/kodomo-mirai/hoiku/child/Index_R7.html
miyaki	佐賀県	みやき町	２　令和８年度入所分から活用予定			
iki	長崎県	壱岐市	３　活用するか検討中	必須		
arao	熊本県	荒尾市	１　令和７年度（５月以降）入所分から活用予定			
miyazaki	宮崎県	宮崎市	１　令和７年度（５月以降）入所分から活用予定			
hioki	鹿児島県	日置市	１　令和７年度（５月以降）入所分から活用予定			
naha	沖縄県	那覇市	２　令和８年度入所分から活用予定			
ginowan	沖縄県	宜野湾市	４　活用する予定はない			
chiba	千葉県	千葉市	（標準様式を活用）		shurou-shoumeisho	https://www.city.chiba.jp/kodomomirai/yojikyoiku/unei/4nyusyoannnai.html
hamamatsu	静岡県	浜松市	（標準様式を活用）		shurou-shoumeisho	https://www.hamamatsu-pippi.net/contents/7769.html
kitakyushu	福岡県	北九州市	（標準様式を活用）		shurou-shoumeisho	https://www.city.kitakyushu.lg.jp/contents/12100069.html
kobe	兵庫県	神戸市	（標準様式を活用）		shurou-shoumeisho	https://www.city.kobe.lg.jp/a65174/kosodate/shien/shinseido/riyomoshikomi/shinsehoho.html
kumamoto	熊本県	熊本市	（標準様式を活用）		shurou-shoumeisho	https://www.city.kumamoto.jp/kiji00371314/index.html
kyoto	京都府	京都市	（標準様式を活用）		shurou-shoumeisho	https://www.city.kyoto.lg.jp/hagukumi/page/0000274712.html
nagoya	愛知県	名古屋市	（標準様式を活用）		shurou-shoumeisho	https://kodomokosodate.city.nagoya.jp/firstuse/
okayama	岡山県	岡山市	（標準様式を活用）		shurou-shoumeisho	https://www.city.okayama.jp/kurashi/0000072787.html
sagamihara	神奈川県	相模原市	（標準様式を活用）		shurou-shoumeisho	https://www.city.sagamihara.kanagawa.jp/kosodate/1026602/kosodate/1026606/hoikuen/1014960.html
saitama	埼玉県	さいたま市	（標準様式を活用）		shurou-shoumeisho	https://www.city.saitama.lg.jp/003/001/015/001/p100639.html
sapporo	北海道	札幌市	（標準様式を活用）		shurou-shoumeisho	https://kosodate.city.sapporo.jp/mokuteki/azukeru/hoiku/ninka/835.html
sendai	宮城県	仙台市	（標準様式を活用）		shurou-shoumeisho	https://www.city.sendai.jp/nintechosa/kurashi/kenkotofukushi/kosodate/hoikujo/annai/hoikushisetsu.html
yokohama	神奈川県	横浜市	（標準様式を活用）		shurou-shoumeisho	https://www.city.yokohama.lg.jp/kosodate-kyoiku/hoiku-yoji/shisetsu/riyou/shuroushoumeisho.html
